<?xml version="1.0" encoding="utf-8"?>
<doc>
<assembly><name>FsLexYacc.Runtime</name></assembly>
<members>
<member name="M:FSharp.Text.Lexing.UnicodeTables.Interpret(System.Int32,FSharp.Text.Lexing.LexBuffer{System.Char})">
<summary>
 Interpret tables for a unicode lexer generated by fslex.
</summary>
</member>
<member name="M:FSharp.Text.Lexing.UnicodeTables.AsyncInterpret(System.Int32,FSharp.Text.Lexing.LexBuffer{System.Char})">
<summary>
 Interpret tables for a unicode lexer generated by fslex, processing input asynchronously
</summary>
</member>
<member name="T:FSharp.Text.Lexing.UnicodeTables">
<summary>
 The type of tables for an unicode lexer generated by fslex.
</summary>
</member>
<member name="M:FSharp.Text.Lexing.AsciiTables.Interpret(System.Int32,FSharp.Text.Lexing.LexBuffer{System.Byte})">
<summary>
 Interpret tables for an ascii lexer generated by fslex.
</summary>
</member>
<member name="M:FSharp.Text.Lexing.AsciiTables.AsyncInterpret(System.Int32,FSharp.Text.Lexing.LexBuffer{System.Byte})">
<summary>
 Interpret tables for an ascii lexer generated by fslex, processing input asynchronously
</summary>
</member>
<member name="T:FSharp.Text.Lexing.AsciiTables">
<summary>
 The type of tables for an ascii lexer generated by fslex.
</summary>
</member>
<member name="P:FSharp.Text.Lexing.LexBuffer`1.StartPos(FSharp.Text.Lexing.Position)">
<summary>
 The start position for the lexeme
</summary>
</member>
<member name="P:FSharp.Text.Lexing.LexBuffer`1.IsPastEndOfStream(System.Boolean)">
<summary>
 True if the refill of the buffer ever failed , or if explicitly set to true.
</summary>
</member>
<member name="P:FSharp.Text.Lexing.LexBuffer`1.EndPos(FSharp.Text.Lexing.Position)">
<summary>
 The end position for the lexeme
</summary>
</member>
<member name="P:FSharp.Text.Lexing.LexBuffer`1.StartPos">
<summary>
 The start position for the lexeme
</summary>
</member>
<member name="P:FSharp.Text.Lexing.LexBuffer`1.LexemeLength">
<summary>
 The length of the matched string
</summary>
</member>
<member name="P:FSharp.Text.Lexing.LexBuffer`1.Lexeme">
<summary>
 The matched string
</summary>
</member>
<member name="P:FSharp.Text.Lexing.LexBuffer`1.IsPastEndOfStream">
<summary>
 True if the refill of the buffer ever failed , or if explicitly set to true.
</summary>
</member>
<member name="P:FSharp.Text.Lexing.LexBuffer`1.EndPos">
<summary>
 The end position for the lexeme
</summary>
</member>
<member name="P:FSharp.Text.Lexing.LexBuffer`1.BufferLocalStore">
<summary>
 Dynamically typed, non-lexically scoped parameter table
</summary>
</member>
<member name="M:FSharp.Text.Lexing.LexBuffer`1.LexemeString(FSharp.Text.Lexing.LexBuffer{System.Char})">
<summary>
 Fast helper to turn the matched characters into a string, avoiding an intermediate array
</summary>
</member>
<member name="M:FSharp.Text.Lexing.LexBuffer`1.LexemeChar(System.Int32)">
<summary>
 Fetch a particular character in the matched string
</summary>
</member>
<member name="M:FSharp.Text.Lexing.LexBuffer`1.FromTextReader(System.IO.TextReader)">
<summary>
 Create a lex buffer suitable for use with a Unicode lexer that reads character inputs from the given text reader
</summary>
</member>
<member name="M:FSharp.Text.Lexing.LexBuffer`1.FromString(System.String)">
<summary>
 Create a lex buffer suitable for Unicode lexing that reads characters from the given string
</summary>
</member>
<member name="M:FSharp.Text.Lexing.LexBuffer`1.FromFunction(Microsoft.FSharp.Core.FSharpFunc{System.Tuple{`0[],System.Int32,System.Int32},System.Int32})">
<summary>
 Create a lex buffer that reads character or byte inputs by using the given function
</summary>
</member>
<member name="M:FSharp.Text.Lexing.LexBuffer`1.FromChars(System.Char[])">
<summary>
 Create a lex buffer suitable for Unicode lexing that reads characters from the given array
</summary>
</member>
<member name="M:FSharp.Text.Lexing.LexBuffer`1.FromBytes(System.Byte[])">
<summary>
 Create a lex buffer suitable for byte lexing that reads characters from the given array
</summary>
</member>
<member name="M:FSharp.Text.Lexing.LexBuffer`1.FromBinaryReader(System.IO.BinaryReader)">
<summary>
 Create a lex buffer suitable for use with ASCII byte lexing that reads byte inputs from the given binary reader
</summary>
</member>
<member name="M:FSharp.Text.Lexing.LexBuffer`1.FromAsyncFunction(Microsoft.FSharp.Core.FSharpFunc{System.Tuple{`0[],System.Int32,System.Int32},Microsoft.FSharp.Control.FSharpAsync{System.Int32}})">
<summary>
 Create a lex buffer that asynchronously reads character or byte inputs by using the given function
</summary>
</member>
<member name="M:FSharp.Text.Lexing.LexBuffer`1.DiscardInput">
<summary>
 Remove all input, though don&apos;t discard the current lexeme
</summary>
</member>
<member name="T:FSharp.Text.Lexing.LexBuffer`1">
<summary>
 Input buffers consumed by lexers generated by &lt;c&gt;fslex.exe &lt;/c&gt;
</summary>
</member>
<member name="P:FSharp.Text.Lexing.Position.pos_cnum">
<summary>
 The absolute offset of the column for the position
</summary>
</member>
<member name="P:FSharp.Text.Lexing.Position.pos_bol">
<summary>
 The absolute offset of the beginning of the line
</summary>
</member>
<member name="P:FSharp.Text.Lexing.Position.pos_orig_lnum">
<summary>
 The line number for the position in the original source file
</summary>
</member>
<member name="P:FSharp.Text.Lexing.Position.pos_lnum">
<summary>
 The line number for the position
</summary>
</member>
<member name="P:FSharp.Text.Lexing.Position.pos_fname">
<summary>
 The file name for the position
</summary>
</member>
<member name="P:FSharp.Text.Lexing.Position.StartOfLineAbsoluteOffset">
<summary>
 Return absolute offset of the start of the line marked by the position
</summary>
</member>
<member name="P:FSharp.Text.Lexing.Position.OriginalLine">
<summary>
 The line number for the position in the input stream, assuming fresh positions have been updated
 using AsNewLinePos()
</summary>
</member>
<member name="P:FSharp.Text.Lexing.Position.Line">
<summary>
 The line number in the input stream, assuming fresh positions have been updated
 using AsNewLinePos() and by modifying the EndPos property of the LexBuffer.
</summary>
</member>
<member name="P:FSharp.Text.Lexing.Position.FileName">
<summary>
 The file name associated with the input stream.
</summary>
</member>
<member name="P:FSharp.Text.Lexing.Position.Empty">
<summary>
 Get an arbitrary position, with the empty string as filename, and
</summary>
</member>
<member name="P:FSharp.Text.Lexing.Position.Column">
<summary>
 Return the column number marked by the position, i.e. the difference between the AbsoluteOffset and the StartOfLineAbsoluteOffset
</summary>
</member>
<member name="P:FSharp.Text.Lexing.Position.AbsoluteOffset">
<summary>
 The character number in the input stream
</summary>
</member>
<member name="M:FSharp.Text.Lexing.Position.ShiftColumnBy(System.Int32)">
<summary>
 Gives a position shifted by specified number of characters
</summary>
</member>
<member name="M:FSharp.Text.Lexing.Position.FirstLine(System.String)">
<summary>
 Get a position corresponding to the first line (line number 1) in a given file
</summary>
</member>
<member name="M:FSharp.Text.Lexing.Position.EndOfToken(System.Int32)">
<summary>
 Given a position at the start of a token of length n, return a position just beyond the end of the token
</summary>
</member>
<member name="T:FSharp.Text.Lexing.Position">
<summary>
 Position information stored for lexing tokens
</summary>
</member>
<member name="M:FSharp.Text.Lexing.UnicodeFileAsLexbuf(System.String,Microsoft.FSharp.Core.FSharpOption{System.Int32})">
<summary>
 Standard utility to create a Unicode LexBuffer

 One small annoyance is that LexBuffers are not IDisposable. This means
 we can&apos;t just return the LexBuffer object, since the file it wraps wouldn&apos;t
 get closed when we&apos;re finished with the LexBuffer. Hence we return the stream,
 the reader and the LexBuffer. The caller should dispose the first two when done.
</summary>
</member>
<member name="P:FSharp.Text.Parsing.Tables`1.tagOfErrorTerminal">
<summary>
 The tag of the error terminal
</summary>
</member>
<member name="P:FSharp.Text.Parsing.Tables`1.numTerminals">
<summary>
 The total number of terminals
</summary>
</member>
<member name="P:FSharp.Text.Parsing.Tables`1.parseError">
<summary>
 This function is used to hold the user specified &quot;parse_error&quot; or &quot;parse_error_rich&quot; functions
</summary>
</member>
<member name="P:FSharp.Text.Parsing.Tables`1.productionToNonTerminalTable">
<summary>
 This table is logically part of the Goto table
</summary>
</member>
<member name="P:FSharp.Text.Parsing.Tables`1.stateToProdIdxsTableRowOffsets">
<summary>
 The sparse table offsets for the productions active for each state
</summary>
</member>
<member name="P:FSharp.Text.Parsing.Tables`1.stateToProdIdxsTableElements">
<summary>
 The sparse table for the productions active for each state
</summary>
</member>
<member name="P:FSharp.Text.Parsing.Tables`1.sparseGotoTableRowOffsets">
<summary>
 The sparse goto table row offsets
</summary>
</member>
<member name="P:FSharp.Text.Parsing.Tables`1.gotos">
<summary>
 The sparse goto table
</summary>
</member>
<member name="P:FSharp.Text.Parsing.Tables`1.immediateActions">
<summary>
 The immediate action table
</summary>
</member>
<member name="P:FSharp.Text.Parsing.Tables`1.reductionSymbolCounts">
<summary>
 The number of symbols for each reduction
</summary>
</member>
<member name="P:FSharp.Text.Parsing.Tables`1.actionTableRowOffsets">
<summary>
 The sparse action table row offsets
</summary>
</member>
<member name="P:FSharp.Text.Parsing.Tables`1.actionTableElements">
<summary>
 The sparse action table elements
</summary>
</member>
<member name="P:FSharp.Text.Parsing.Tables`1.dataOfToken">
<summary>
 A function to compute the data carried by a token
</summary>
</member>
<member name="P:FSharp.Text.Parsing.Tables`1.tagOfToken">
<summary>
 A function to compute the tag of a token
</summary>
</member>
<member name="P:FSharp.Text.Parsing.Tables`1.endOfInputTag">
<summary>
 The token number indicating the end of input
</summary>
</member>
<member name="P:FSharp.Text.Parsing.Tables`1.reductions">
<summary>
 The reduction table
</summary>
</member>
<member name="M:FSharp.Text.Parsing.Tables`1.Interpret``1(Microsoft.FSharp.Core.FSharpFunc{FSharp.Text.Lexing.LexBuffer{``0},`0},FSharp.Text.Lexing.LexBuffer{``0},System.Int32)">
<summary>
 Interpret the parser table taking input from the given lexer, using the given lex buffer, and the given start state.
 Returns an object indicating the final synthesized value for the parse.
</summary>
</member>
<member name="T:FSharp.Text.Parsing.Tables`1">
<summary>
 Tables generated by fsyacc
 The type of the tables contained in a file produced by the fsyacc.exe parser generator.
</summary>
</member>
<member name="P:FSharp.Text.Parsing.ParseErrorContext`1.StateStack">
<summary>
 The stack of state indexes active at the parse error
</summary>
</member>
<member name="P:FSharp.Text.Parsing.ParseErrorContext`1.ShiftTokens">
<summary>
 The token that would cause a shift at the parse error
</summary>
</member>
<member name="P:FSharp.Text.Parsing.ParseErrorContext`1.ReducibleProductions">
<summary>
 The stack of productions that would be reduced at the parse error
</summary>
</member>
<member name="P:FSharp.Text.Parsing.ParseErrorContext`1.ReduceTokens">
<summary>
 The tokens that would cause a reduction at the parse error
</summary>
</member>
<member name="P:FSharp.Text.Parsing.ParseErrorContext`1.ParseState">
<summary>
 The state active at the parse error
</summary>
</member>
<member name="P:FSharp.Text.Parsing.ParseErrorContext`1.Message">
<summary>
 The message associated with the parse error
</summary>
</member>
<member name="P:FSharp.Text.Parsing.ParseErrorContext`1.CurrentToken">
<summary>
 The token that caused the parse error
</summary>
</member>
<member name="T:FSharp.Text.Parsing.ParseErrorContext`1">
<summary>
 The context provided when a parse error occurs
</summary>
</member>
<member name="P:FSharp.Text.Parsing.IParseState.ResultRange">
<summary>
 Get the full range of positions matched by the production
</summary>
</member>
<member name="P:FSharp.Text.Parsing.IParseState.ParserLocalStore">
<summary>
 Get the store of local values associated with this parser
</summary>
</member>
<member name="M:FSharp.Text.Parsing.IParseState.RaiseError``1">
<summary>
 Raise an error in this parse context
</summary>
</member>
<member name="M:FSharp.Text.Parsing.IParseState.InputStartPosition(System.Int32)">
<summary>
 Get the start position for the terminal or non-terminal at a given index matched by the production
</summary>
</member>
<member name="M:FSharp.Text.Parsing.IParseState.InputRange(System.Int32)">
<summary>
 Get the start and end position for the terminal or non-terminal at a given index matched by the production
</summary>
</member>
<member name="M:FSharp.Text.Parsing.IParseState.InputEndPosition(System.Int32)">
<summary>
 Get the end position for the terminal or non-terminal at a given index matched by the production
</summary>
</member>
<member name="M:FSharp.Text.Parsing.IParseState.GetInput(System.Int32)">
<summary>
 Get the value produced by the terminal or non-terminal at the given position
</summary>
</member>
<member name="T:FSharp.Text.Parsing.IParseState">
<summary>
 The information accessible via the &lt;c&gt;parseState&lt;/c&gt; value within parser actions.
</summary>
</member>
<member name="T:FSharp.Text.Parsing.RecoverableParseError">
<summary>
 Indicates a parse error has occured and parse recovery is in progress
</summary>
</member>
<member name="T:FSharp.Text.Parsing.Accept">
<summary>
 Indicates an accept action has occured
</summary>
</member>
<member name="M:FSharp.Text.Parsing.ParseHelpers.parse_error(System.String)">
<summary>
 The default implementation of the parse_error function
</summary>
</member>
<member name="M:FSharp.Text.Parsing.ParseHelpers.parse_error_rich``1">
<summary>
 The default implementation of the parse_error_rich function
</summary>
</member>
<member name="T:FSharp.Text.Parsing.ParseHelpers">
<summary>
 Helpers used by generated parsers.
</summary>
</member>
</members>
</doc>
